{
  "project_info": {
    "project_number": "130764873700",
    "project_id": "safood-1e5c7",
    "storage_bucket": "safood-1e5c7.appspot.com"
  },
  "client": [
    {
      "client_info": {
        "mobilesdk_app_id": "1:130764873700:android:ece129154f0d7ddb1cf1f1",
        "android_client_info": {
          "package_name": "com.example.safood"
        }
      },
      "oauth_client": [
        {
          "client_id": "130764873700-fgqjasmnjo7n2k4872kh0061j35nlajd.apps.googleusercontent.com",
          "client_type": 3
        }
      ],
      "api_key": [
        {
          "current_key": "AIzaSyCFmcMOcBlpChGuH8vmRJPoVYTNZM4sKi8"
        }
      ],
      "services": {
        "appinvite_service": {
          "other_platform_oauth_client": [
            {
              "client_id": "130764873700-fgqjasmnjo7n2k4872kh0061j35nlajd.apps.googleusercontent.com",
              "client_type": 3
            }
          ]
        }
      }
    }
  ],
  "configuration_version": "1"
}